Method	Gene_Count_1	Gene_Count_2	Chi_Squared_p_value
K-means	10	100	0.9691137936516466
K-means	10	1000	0.6373969029702048
K-means	100	1000	0.02387166533712608
K-means	100	10000	0.006763489978392579
PAM	10	80	1.408981148453777e-13
Hierarchical	10	100	0.23928263189008517
Hierarchical	10	1000	0.23928263189008517
Hierarchical	100	1000	0.23928263189008517
Hierarchical	100	10000	0.23928263189008517
